Entreprise,Secteur,Département,Ville,Adresse,Email,Téléphone,Lien Google Maps,Note Google,Nombre Avis,Potentiel Budget,Site Web,Nb Avis +,Nb Avis -,Thèmes Positifs,Thèmes Négatifs,Résumé Avis +,Résumé Avis -,Description GMB,Note Prospection
Malo’Cation Conciergerie,Administrateur de biens,59,Dunkerque,"8 Digue de Mer, 59240 Dunkerque, France",NON TROUVÉ,07 81 85 98 87,📍 Voir sur Maps,4.9,195,ÉLEVÉ,AUCUN,5,0,"excellent, parfait, recommande, écoute",—,"Excellent séjour dans cette maison idéalement située en front de mer. Le logement est tout simplement magnifique, décoré avec goût et parfaitement équipé. Les prestations sont vraiment haut de gamme : literie très confor…",,,"Malo’Cation Conciergerie : 195 avis Google | ✅ Force : excellent, parfait, recommande, écoute | 🔥 0 site web → perd des mandats chaque jour"
LA FELICITA sarl,Agence immobilière,25,Besançon,"Boucle et centre ville, 6 Rue Victor Hugo, 25000 Besançon, France",NON TROUVÉ,06 98 21 00 77,📍 Voir sur Maps,5.0,116,ÉLEVÉ,AUCUN,5,0,"recommande, qualité, réactif",—,"Notre séjour à la Félicita était un moment hors du temps ! Sabrina est une femme exceptionnelle, adorable et aux petits soins. Elle aime réellement les gens et ceci se ressent dès les premiers échanges par SMS et se conf…",,,"LA FELICITA sarl : 116 avis Google | ✅ Force : recommande, qualité, réactif | 🔥 0 site web → perd des mandats chaque jour"
,Agence immobilière,73,Chambéry,"Av. de Chambéry, 73000 Bassens, France",NON TROUVÉ,06 60 35 03 85,📍 Voir sur Maps,5.0,110,ÉLEVÉ,AUCUN,5,0,"professionnel, disponible, recommande, écoute",—,"Etant chasseuse immobilier, Je suis très contente d'avoir collaboré avec Laura sur la vente d'une maison à Saint-Jean d'Arvey. Nous avons réussi à gérer un dossier pas si simple mais l'Union a fait la force, un vrai trav…",,,"Laura Achard Immobilier : 110 avis Google | ✅ Force : professionnel, disponible, recommande, écoute | 🔥 0 site web → perd des mandats chaque jour"
TNL Provence Immobilier Marseille,Agence immobilière,13,Marseille,"34 Rue Alphonse Daudet, 13013 Marseille, France",NON TROUVÉ,06 49 09 36 83,📍 Voir sur Maps,5.0,104,ÉLEVÉ,AUCUN,5,0,"professionnel, écoute, disponible, recommande",—,"D’immenses remerciements à Nadia! Une grande professionnelle, humaine, à l’écoute, et très réactive. J’ai apprécié nos échanges. Si vous recherchez la perle de l’immobilier vous avez trouvé la bonne personne n’hésitez pa…",,,"TNL Provence Immobilier Marseille : 104 avis Google | ✅ Force : professionnel, écoute, disponible, recommande | 🔥 0 site web → perd des mandats chaque jour"
Géraldine Roger Allier SAFTI,Mandataire immobilier,33,Bordeaux,"14 Pl. Frédéric Ozanam, 33200 Bordeaux, France",NON TROUVÉ,06 17 04 46 93,📍 Voir sur Maps,4.8,84,ÉLEVÉ,AUCUN,5,0,"professionnel, rapide, efficace, recommande",—,"Nous avons trouvé notre appartement 'coup de coeur' grâce à Géraldine ROGER. Elle a immédiatement compris notre besoin dès notre premier rendez-vous en agence, et nous a accompagné de manière très professionnelle et réac…",,,"Géraldine Roger Allier SAFTI : 84 avis Google | ✅ Force : professionnel, rapide, efficace, recommande | 🔥 0 site web → perd des mandats chaque jour"
Cabinet AD VALOREM - Charles-Henri VERGEAU - Conseil en gestion de patrimoine,Gestionnaire de biens,13,Marseille,"180 Av. du Prado, 13008 Marseille, France",NON TROUVÉ,07 88 39 81 11,📍 Voir sur Maps,5.0,83,ÉLEVÉ,AUCUN,5,0,"excellent, parfait, écoute, professionnel",—,"Charles-Henri est très à l'écoute, calme et pédagogique. Nous avons vécu une excellente expérience avec lui. Ses conseils sont pertinents et conviendront parfaitement à qui souhaite structurer son épargne et réaliser ses…",,,"Cabinet AD VALOREM - Charles-Henri VERGEAU - Conseil en gestion de patrimoine : 83 avis Google | ✅ Force : excellent, parfait, écoute, professionnel | 🔥 0 site web → perd des mandats chaque jour"
Guillaume Lombardet - VestaMB,Agent immobilier,21,Dijon,"84 Rue du Faubourg Saint-Martin, 21121 Fontaine-lès-Dijon, France",NON TROUVÉ,07 55 25 34 49,📍 Voir sur Maps,4.9,76,ÉLEVÉ,AUCUN,5,0,"disponible, excellent, recommande, écoute",—,"J’ai eu la chance d’être accompagnée par Guillaume pour l’achat de mon tout premier appartement, et je ne pourrais pas être plus reconnaissante. Il a su écouter mon projet, me donner d’excellents conseils et m’orienter a…",,,"Guillaume Lombardet - VestaMB : 76 avis Google | ✅ Force : disponible, excellent, recommande, écoute | 🔥 0 site web → perd des mandats chaque jour"
RESIDEO IMMOBILIER - ROND POINT DE RENNES - SCHUMAN,Mandataire immobilier,44,Nantes,"106 Bd Robert Schuman, 44300 Nantes, France",NON TROUVÉ,06 65 27 74 47,📍 Voir sur Maps,4.6,75,ÉLEVÉ,AUCUN,4,1,"rapide, sérieux, parfait, recommande",problème,"Bonjour, Nous avons du nous séparer d'un bien assez rapidement pour pouvoir financer des travaux, ce bien avait la particularité d'avoir en place une locataire d'un certain âge, la vente de cette maison n'était pas gagné…","J’ai acheté une maison avec cet agent, M. Mickael Marchand (le directeur), et mon expérience a été catastrophique. Il ne m’a pas bien conseillé sur le fait qu’une partie de la cuisine n’était pas intégrée dans le mur. Lo…",,"RESIDEO IMMOBILIER - ROND POINT DE RENNES - SCHUMAN : 75 avis Google | ✅ Force : rapide, sérieux, parfait, recommande | ⚠️ Plaintes : problème → angle d'accroche | 🔥 0 site web → perd des mandats chaque jour"
DE BAZELAIRE IMMOBILIER,Agence immobilière,84,Avignon,"2 Av. du Blanchissage, 84000 Avignon, France",NON TROUVÉ,06 74 36 24 77,📍 Voir sur Maps,4.9,72,ÉLEVÉ,AUCUN,5,0,"rapide, professionnel, sérieux, service",—,"Une vente menée d'une main de maître. Un grand merci à M. De Bazelaire qui a été très professionnel, tant pour la vente de mon appartement qui a été rapide, mais aussi dans le suivi et son accompagnement jusqu'à la signa…",,,"DE BAZELAIRE IMMOBILIER : 72 avis Google | ✅ Force : rapide, professionnel, sérieux, service | 🔥 0 site web → perd des mandats chaque jour"
AF PATRIMONIUM : Courtier en prêts immobiliers & assurances de prêts / Gestion de patrimoine,Administrateur de biens,25,Besançon,"9 Rue de la Mouillère, 25000 Besançon, France",NON TROUVÉ,06 19 02 42 47,📍 Voir sur Maps,5.0,64,ÉLEVÉ,AUCUN,5,0,"disponible, réactif, excellent, confiance",—,"Excellente expérience avec Arnaud Faivre. Il nous a accompagnés dans le cadre de notre projet immobilier en région parisienne avec un grand professionnalisme. Arnaud a été à l’écoute, disponible et très réactif. Il est a…",,,"AF PATRIMONIUM : Courtier en prêts immobiliers & assurances de prêts / Gestion de patrimoine : 64 avis Google | ✅ Force : disponible, réactif, excellent, confiance | 🔥 0 site web → perd des mandats chaque jour"
Cyprien Molamma - Chasseur immobilier,Mandataire immobilier,69,Lyon,"6 Rue Saint-Lazare, 69007 Lyon, France",NON TROUVÉ,06 69 65 89 57,📍 Voir sur Maps,5.0,63,ÉLEVÉ,AUCUN,5,0,"disponible, réactif, écoute, service",—,"Cyprien m´a accompagné tout au long de mon projet : recherche d´annonces, qualification des biens trouvés, visites, négociation (j´ai réussi à avoir une bonne ristourne sur le bien trouvé alors qu´il y avait un autre ach…",,,"Cyprien Molamma - Chasseur immobilier : 63 avis Google | ✅ Force : disponible, réactif, écoute, service | 🔥 0 site web → perd des mandats chaque jour"
Toit pour toi : Agence Immobilière,Agence immobilière,80,Amiens,"à, 1 Rue Robert de Luzarches, 80000 Amiens, France",NON TROUVÉ,07 67 07 19 08,📍 Voir sur Maps,4.4,58,ÉLEVÉ,AUCUN,5,0,"professionnel, sérieux, recommande, écoute",—,J’ai sollicité Mr Couturier pour l’analyse du marché suite à la mise en vente d’un bien familial. Grâce à son analyse pertinente et professionnelle j’ai orienté au mieux la vente avec succès. Un grand merci pour ses cons…,,,"Toit pour toi : Agence Immobilière : 58 avis Google | ✅ Force : professionnel, sérieux, recommande, écoute | 🔥 0 site web → perd des mandats chaque jour"
SCI La Douste Company,Location saisonnière gestion,44,Nantes,"23 Rue Albert Calmette, 44300 Nantes, France",NON TROUVÉ,07 82 87 95 52,📍 Voir sur Maps,4.9,58,ÉLEVÉ,AUCUN,5,0,"professionnel, sérieux, efficace, parfait",—,"Laurent Stypers a été parfait : agréable, professionnel, honnête et très efficace. Je remercie son sérieux concernant la vente de mon appartement, tout a été carré. Je recommande cette agence les yeux fermés ! | Laurent …",,,"SCI La Douste Company : 58 avis Google | ✅ Force : professionnel, sérieux, efficace, parfait | 🔥 0 site web → perd des mandats chaque jour"
Géraldine GUILLEN - Agent Immobilier,Mandataire immobilier,69,Lyon,"2 Chem. des Mouilles, 69290 Grézieu-la-Varenne, France",REP PAS,06 26 15 21 02,📍 Voir sur Maps,5.0,57,ÉLEVÉ,AUCUN,5,0,"professionnel, rapide, recommande, sérieux",—,"Géraldine a été très professionnelle et réactive tout au long du processus. Elle a su nous accompagner avec bienveillance, que ce soit pour la visite ou pour la mise en relation avec le propriétaire. Merci encore pour vo…",,,"Géraldine GUILLEN - Agent Immobilier : 57 avis Google | ✅ Force : professionnel, rapide, recommande, sérieux | 🔥 0 site web → perd des mandats chaque jour"
Claire GESUALDI chasseur immobilier à Marseille,Agent immobilier,13,Marseille,"22 Bd de Roux, 13004 Marseille, France",appeler MERCREDI OU MARDI,06 62 36 53 83,📍 Voir sur Maps,5.0,52,,AUCUN,5,0,"parfait, recommande, rapide, professionnel",—,"J'ai collaboré avec Claire pour la vente d'une maison et l'expérience a été parfaite. Elle a immédiatement cerné les attentes de ses clients, ce qui a permis un véritable coup de cœur dès la première visite ! Je recomman…",,,"Claire GESUALDI chasseur immobilier à Marseille : 52 avis Google | ✅ Force : parfait, recommande, rapide, professionnel | 🔥 0 site web → perd des mandats chaque jour"
Eurl Lefranc Immobilier,Location saisonnière gestion,51,Reims,"8 Rue du Marc, 51100 Reims, France",NON TROUVÉ,06 08 84 33 69,📍 Voir sur Maps,3.1,58,MOYEN,AUCUN,4,0,"sérieux, parfait, confiance, rapide",—,"Je tiens à saluer le professionnalisme et l’efficacité remarquables de cette agence de gestion locative. Madame LEFRANC  en charge des dossiers fait preuve d’une rigueur exemplaire, d’un suivi précis et d’une grande réac…",,,"Eurl Lefranc Immobilier : 58 avis Google | ✅ Force : sérieux, parfait, confiance, rapide | 🔥 0 site web → perd des mandats chaque jour"
Mélissa RIVIERE - Conseils et stratégies en gestion de patrimoine - Gradignan,Gestionnaire de biens,33,Bordeaux,"34 Rue de Cénac, 33100 Bordeaux, France",NON TROUVÉ,06 44 32 00 39,📍 Voir sur Maps,5.0,47,MOYEN,AUCUN,5,0,"parfait, recommande, confiance, service",—,"C'est par l'intermédiaire de ma fille que j'ai sollicité les services de Mélissa RIVIERE. Dans un premier temps, c'était pour préparer ma retraite. Puis, j'ai découvert les différentes niches fiscales  et différents plac…",,,"Mélissa RIVIERE - Conseils et stratégies en gestion de patrimoine - Gradignan : 47 avis Google | ✅ Force : parfait, recommande, confiance, service | 🔥 0 site web → perd des mandats chaque jour"
SYCOMORE CONSULTING,Gestionnaire de biens,68,Mulhouse,"34 Av. Clemenceau, 68100 Mulhouse, France",NON TROUVÉ,06 43 95 67 16,📍 Voir sur Maps,5.0,41,MOYEN,AUCUN,5,0,"professionnel, compétent, recommande, service",—,"Je tiens à souligner le niveau d’expertise de Monsieur JOANNES, tant au niveau juridique que fiscal. Une équipe très professionnelle et compétente au service des clients. Vous avez ici une agence qui vous proposera une a…",,,"SYCOMORE CONSULTING : 41 avis Google | ✅ Force : professionnel, compétent, recommande, service | 🔥 0 site web → perd des mandats chaque jour"
Stéphanie LION GUATNAOUI,Mandataire immobilier,38,Grenoble,"11 Rue Dr Schweitzer, 38100 Grenoble, France",NON TROUVÉ,06 30 96 58 75,📍 Voir sur Maps,5.0,39,MOYEN,AUCUN,5,0,"professionnel, sérieux, efficace, disponible",—,"Je recommande vivement Stéphanie et Khira ! ⭐️  Elles ont vendu mon appartement aujourd’hui et je ne peux que les remercier pour leur travail incroyable. Du début à la fin, tout a été parfaitement géré.  Elles sont à la …",,,"Stéphanie LION GUATNAOUI : 39 avis Google | ✅ Force : professionnel, sérieux, efficace, disponible | 🔥 0 site web → perd des mandats chaque jour"
"Géraldine PUJOL - Gestion Patrimoine, Conseils financiers & Stratégies d' Investissements",Gestionnaire de biens,13,Aix-en-Provence,"8 Avenue des infirmeries Aix en pce Bureaux à l' Atrium bat A2 à 13590 Meyreuil, 13100 Aix-en-Provence, France",NON TROUVÉ,06 08 05 12 61,📍 Voir sur Maps,5.0,39,MOYEN,AUCUN,5,0,"excellent, parfait, recommande, qualité",—,"Géraldine donne d’excellents conseils en gestion de patrimoine et sait trouver des solutions adaptées à chaque situation. Elle a parfaitement compris mes besoins, a su répondre à mes interrogations et surtout me rassurer…",,,"Géraldine PUJOL - Gestion Patrimoine, Conseils financiers & Stratégies d' Investissements : 39 avis Google | ✅ Force : excellent, parfait, recommande, qualité | 🔥 0 site web → perd des mandats chaque jour"
SYLVAIN & VIRGINIE,Agent immobilier,86,Poitiers,"17 Rue Carnot, 86000 Poitiers, France",NON TROUVÉ,06 73 59 87 13,📍 Voir sur Maps,5.0,38,MOYEN,AUCUN,5,0,"professionnel, disponible, recommande, écoute",—,"Un immense merci à Sylvain et Virginie pour leur accompagnement tout au long de la vente de ma maison. Professionnels, disponibles et bienveillants, ils ont su me conseiller à chaque étape et rendre cette expérience simp…",,,"SYLVAIN & VIRGINIE : 38 avis Google | ✅ Force : professionnel, disponible, recommande, écoute | 🔥 0 site web → perd des mandats chaque jour"
Iaca Patrimoine & Immobilier,Agence immobilière,84,Avignon,"37 Rte de Lyon, 84000 Avignon, France",NON TROUVÉ,06 63 42 61 62,📍 Voir sur Maps,4.7,37,MOYEN,AUCUN,5,0,"professionnel, écoute, recommande, agréable",—,"Iaca est expert dans son domaine et apporte des conseils adaptés a la situation de chacun. Nous avons commencé par un projet Denormandie et en sommes à date pelinements satisfaits. | Conseil personnalisé, projet ambitieu…",,,"Iaca Patrimoine & Immobilier : 37 avis Google | ✅ Force : professionnel, écoute, recommande, agréable | 🔥 0 site web → perd des mandats chaque jour"
Casa M Immobilier Marseille - Gestion Locative,Gestionnaire de biens,13,Marseille,"Le Square Saint Eloi, 22 Rue Saint-Éloi Bat E, 13005 Marseille, France",NON TROUVÉ,06 46 60 59 47,📍 Voir sur Maps,5.0,37,MOYEN,AUCUN,5,0,"professionnel, disponible, recommande, confiance",—,"Pour mon premier achat, Julie Pséat a été rassurante, à l'écoute et toujours disponible. C'est très agréable de croiser la route d'une professionnelle comme Julie dont on peut avoir pleinement confiance. Je recommande vi…",,,"Casa M Immobilier Marseille - Gestion Locative : 37 avis Google | ✅ Force : professionnel, disponible, recommande, confiance | 🔥 0 site web → perd des mandats chaque jour"
Lise Aquilina Immobilier,Agence immobilière,63,Clermont-Ferrand,"35 Rue Gonod, 63000 Clermont-Ferrand, France",NON TROUVÉ,06 44 30 63 95,📍 Voir sur Maps,5.0,36,MOYEN,AUCUN,5,0,"écoute, professionnel, disponible, confiance",—,Professionnalisme et compétence de cette agence. Lise Aquilina a toujours été à notre écoute et a vendu notre bien. Ses conseils ont été précieux et ont facilité la vente du bien. Agence fortement recommandée. | Nous avo…,,,"Lise Aquilina Immobilier : 36 avis Google | ✅ Force : écoute, professionnel, disponible, confiance | 🔥 0 site web → perd des mandats chaque jour"
My Biarritz Property - Agence Immobilière,Agence immobilière,64,Biarritz,"5 Av. Jaulerry, 64200 Biarritz, France",NON TROUVÉ,06 43 87 17 92,📍 Voir sur Maps,4.9,34,MOYEN,AUCUN,5,0,"disponible, excellent, confiance, professionnel",—,"Excellent! Arrive à dénicher des biens rares à Biarritz. Suivi et conseil. Au top Grande confiance dès le départ, très au courant du marché local avec un réseau énorme ce qui nous a permis d’acquérir le bien de nos rêves…",,,"My Biarritz Property - Agence Immobilière : 34 avis Google | ✅ Force : disponible, excellent, confiance, professionnel | 🔥 0 site web → perd des mandats chaque jour"
Yoann BERARD Conseiller immobilier,Mandataire immobilier,7,Valence,"114B Av. de Lyon, 07500 Guilherand-Granges, France",NON TROUVÉ,06 78 22 90 87,📍 Voir sur Maps,5.0,34,MOYEN,AUCUN,5,0,"rapide, sérieux, écoute, professionnel",—,Je remercie Yoann de m'avoir accompagné dans cette aventure. Très à l'écoute et sérieux il a su vendre mon fonds de commerce rapidement avec clarté et bienveillance. Un agent au top autant à l'écoute du vendeur que de l'…,,,"Yoann BERARD Conseiller immobilier : 34 avis Google | ✅ Force : rapide, sérieux, écoute, professionnel | 🔥 0 site web → perd des mandats chaque jour"
Mathieu Philipon Immobilier,Agent immobilier,45,Orléans,"116 Rue des Anguignis, 45100 Orléans, France",NON TROUVÉ,06 59 35 85 93,📍 Voir sur Maps,5.0,33,MOYEN,AUCUN,5,0,"disponible, réactif, excellent, recommande",—,"Excellent agent immobilier, que je recommande. Il est à l'écoute et il sait se rendre disponible. Il a même organisé une visite en dehors de son temps de travail pour que je puisse me positionner sur un bien. Grâce à cet…",,,"Mathieu Philipon Immobilier : 33 avis Google | ✅ Force : disponible, réactif, excellent, recommande | 🔥 0 site web → perd des mandats chaque jour"
Sandrine Berger – Agent immobilier Langres,Mandataire immobilier,52,Dijon,"29 Rue Claude Guerin, 52160 Perrogney-les-Fontaines, France",NON TROUVÉ,06 61 20 51 03,📍 Voir sur Maps,5.0,33,MOYEN,AUCUN,5,0,"professionnel, efficace, confiance, rapide",—,"Nous sommes ravis d’avoir accordé notre confiance à Sandrine BERGER pour la vente de notre ensemble immobilier. De l’estimation à la conclusion de la vente, elle a su mener à bien cette opération longue et compliquée. Di…",,,"Sandrine Berger – Agent immobilier Langres : 33 avis Google | ✅ Force : professionnel, efficace, confiance, rapide | 🔥 0 site web → perd des mandats chaque jour"
Sylvie ROUGIER IMMOBILIER - Venelles et Pays d'Aix - My Project Immo by EFFICITY,Mandataire immobilier,13,Aix-en-Provence,"quartier les cabassols, 13770 Venelles, France",NON TROUVÉ,06 20 34 33 04,📍 Voir sur Maps,4.9,33,MOYEN,AUCUN,5,0,"disponible, qualité, professionnel, rapide",—,"Nous avons fait appel à Sylvie Rougier pour la vente de notre maison et l'achat de la suivante. Il est difficile de résumer en quelques lignes l'extraordinaire qualité du travail de Sylvie. Hyper disponible et réactive, …",,,"Sylvie ROUGIER IMMOBILIER - Venelles et Pays d'Aix - My Project Immo by EFFICITY : 33 avis Google | ✅ Force : disponible, qualité, professionnel, rapide | 🔥 0 site web → perd des mandats chaque jour"
Immobilier sur Cour,Agent immobilier,42,Saint-Étienne,"19 Cr Fauriel, 42100 Saint-Étienne, France",NON TROUVÉ,06 22 03 18 72,📍 Voir sur Maps,4.9,29,MOYEN,AUCUN,5,0,"professionnel, excellent, recommande, confiance",—,"Madame Di Maria a assuré la vente de notre maison de A à Z sans accrocs ni fausses notes, avec professionnalisme et sympathie, nous recommandons à 100% | Magali a été très professionnelle pendent l'achat immobilier que j…",,,"Immobilier sur Cour : 29 avis Google | ✅ Force : professionnel, excellent, recommande, confiance | 🔥 0 site web → perd des mandats chaque jour"
Jérôme Durand Immobilier,Agence immobilière,84,Avignon,"17 Bd Champfleury, 84000 Avignon, France",NON TROUVÉ,06 70 87 47 40,📍 Voir sur Maps,5.0,27,MOYEN,AUCUN,5,0,"sérieux, efficace, disponible, confiance",—,"Cela fait maintenant trois ans que nous sommes accompagnés par Jérôme Durand, et nous ne pouvons que souligner son professionnalisme. Toujours disponible, clair dans ses explications et d’une grande honnêteté, il nous gu…",,,"Jérôme Durand Immobilier : 27 avis Google | ✅ Force : sérieux, efficace, disponible, confiance | 🔥 0 site web → perd des mandats chaque jour"
LA CONCIERGERIE ANGEVINE,Location saisonnière gestion,49,Angers,"4 Rue Valdemaine, 49100 Angers, France",NON TROUVÉ,07 82 67 26 92,📍 Voir sur Maps,4.9,27,MOYEN,AUCUN,5,0,"excellent, recommande, qualité, rapide",—,"Equipe sérieuse qui nous a assuré un suivi de qualité depuis notre reservation jusqu'à notre départ. L'appartement loué est de grande taille, en excellent état, placé en centre ville, bien équipé et très propre. Je recom…",,,"LA CONCIERGERIE ANGEVINE : 27 avis Google | ✅ Force : excellent, recommande, qualité, rapide | 🔥 0 site web → perd des mandats chaque jour"
Dunkerque Conciergerie,Location saisonnière gestion,59,Dunkerque,"Pl. Turenne, 59240 Dunkerque, France",NON TROUVÉ,07 76 78 70 45,📍 Voir sur Maps,4.7,27,MOYEN,AUCUN,5,0,"parfait, recommande, service, excellent",—,"Appartement très propre, consignes d’entrées claires, réactivité en cas d’interrogations. Le tout a quelques pas de la plage ! Parfait pour une escale, je recommande ! | Lors de notre petit week-end à Malo les bains, Hil…",,,"Dunkerque Conciergerie : 27 avis Google | ✅ Force : parfait, recommande, service, excellent | 🔥 0 site web → perd des mandats chaque jour"
Fabien OGER,Mandataire immobilier,35,Rennes,"81 Mail François Mitterrand, 35000 Rennes, France",NON TROUVÉ,06 08 93 57 49,📍 Voir sur Maps,4.9,26,MOYEN,AUCUN,5,0,"professionnel, réactif, agréable, efficace",—,"Monsieur Oger est un agent immobilier très professionnel et très agréable. Notre achat s'est déroulé sans encombre, nous sommes très satisfait, il a su être présent et réactif à la moindre interrogation. Encore merci à l…",,,"Fabien OGER : 26 avis Google | ✅ Force : professionnel, réactif, agréable, efficace | 🔥 0 site web → perd des mandats chaque jour"
Loc'Apparts - Location d'appartements,Location saisonnière gestion,87,Limoges,"19 Av. Georges et Valentin Lemoine, 87000 Limoges, France",NON TROUVÉ,06 23 55 94 82,📍 Voir sur Maps,2.0,25,MOYEN,AUCUN,0,5,—,"problème, lent, mauvais, mensonge",,"Faites attention si vous passez par cette agence, leurs annonces ne correspondent pas du tout aux logements proposé. Je devais visiter un appartement a 460€, avec de très belles photos, je me suis retrouvé a visiter 2 ap…",,"Loc'Apparts - Location d'appartements : 25 avis Google | ⚠️ Plaintes : problème, lent, mauvais, mensonge → angle d'accroche | 🔥 0 site web → perd des mandats chaque jour"
Florent Liekens Immobilier,Agent immobilier,63,Clermont-Ferrand,"9 Rue Jean Monnet, 63100 Clermont-Ferrand, France",NON TROUVÉ,07 85 52 92 94,📍 Voir sur Maps,5.0,24,MOYEN,AUCUN,5,0,"disponible, professionnel, réactif, recommande",—,"Florent est un très bon agent immobilier, disponible pour toutes nos demandes avant, pendant mais aussi après l'achat de notre bien immobilier. Nous qui avions eu de mauvaises expériences avec ce corps de métier il nous …",,,"Florent Liekens Immobilier : 24 avis Google | ✅ Force : disponible, professionnel, réactif, recommande | 🔥 0 site web → perd des mandats chaque jour"
IAD Isabelle Davous-Toral,Mandataire immobilier,64,Pau,"21 All. du Pic d'Anie, 64140 Lons, France",NON TROUVÉ,06 16 93 63 06,📍 Voir sur Maps,4.7,24,MOYEN,AUCUN,5,0,"professionnel, recommande, écoute, disponible",—,J'ai fait une transaction avec Isabelle. Tout s'est super bien passé. Elle a été à l'écoute de mes besoins et a su faire preuve de très bons conseils. Pour un accompagnement personnalisé et professionnel je recommande Fi…,,,"IAD Isabelle Davous-Toral : 24 avis Google | ✅ Force : professionnel, recommande, écoute, disponible | 🔥 0 site web → perd des mandats chaque jour"
Agence Immobilière - Lille Gestion Immobilière,Agence immobilière,59,Lille,"157 Rue Léon Gambetta, 59000 Lille, France",NON TROUVÉ,07 83 06 24 73,📍 Voir sur Maps,5.0,23,MOYEN,AUCUN,5,0,"parfait, recommande, écoute, qualité",—,Très bonne expérience pour notre logement qui est parfaitement bien géré. Bonne qualité d’écoute et surtout de disponibilité ! Je recommande! | Très content de mon expérience. Ils ont pris le temps de me guider et de m’e…,,,"Agence Immobilière - Lille Gestion Immobilière : 23 avis Google | ✅ Force : parfait, recommande, écoute, qualité | 🔥 0 site web → perd des mandats chaque jour"
NKT Immobilier - Nikita Legrand,Mandataire immobilier,37,Tours,"10 Rue de Jérusalem, 37000 Tours, France",NON TROUVÉ,07 66 23 10 10,📍 Voir sur Maps,5.0,23,MOYEN,AUCUN,5,0,"compétent, parfait, recommande, sérieux",—,"Nous avons choisi Nikita pour nous accompagner lors de notre premier achat immobilier, et c’était certainement l’un de nos meilleurs choix ! Il nous a accompagné de la définition de notre projet jusqu’à la signature chez…",,,"NKT Immobilier - Nikita Legrand : 23 avis Google | ✅ Force : compétent, parfait, recommande, sérieux | 🔥 0 site web → perd des mandats chaque jour"
FACILAD,Administrateur de biens,63,Clermont-Ferrand,"16 Rue des Frères Lumière, 63100 Clermont-Ferrand, France",NON TROUVÉ,06 52 65 92 35,📍 Voir sur Maps,5.0,23,MOYEN,AUCUN,5,0,"professionnel, sérieux, efficace, recommande",—,"Très belle expérience chez Facilad ! L’accompagnement est sérieux, professionnel et les missions proposées sont variées et enrichissantes.  Un immense merci aux gérants pour leur patience, leur pédagogie et leur professi…",,,"FACILAD : 23 avis Google | ✅ Force : professionnel, sérieux, efficace, recommande | 🔥 0 site web → perd des mandats chaque jour"
1Stays Apartments - Marlot,Location saisonnière gestion,51,Reims,"7 Rue Marlot, 51100 Reims, France",NON TROUVÉ,07 68 92 87 75,📍 Voir sur Maps,4.4,23,MOYEN,AUCUN,5,0,"parfait, recommande, agréable",—,"Logement en centre-ville et proche de toutes les attractions. Bien équipé et propre. Seul bémol: ustensiles de cuisine un peu juste Mais le reste est parfait | Très bonne communication (anticipation, explication, fluidit…",,,"1Stays Apartments - Marlot : 23 avis Google | ✅ Force : parfait, recommande, agréable | 🔥 0 site web → perd des mandats chaque jour"
Anne-Sophie Denibaud,Mandataire immobilier,17,La Rochelle,"15 Rue des Loriots, 17180 Périgny, France",NON TROUVÉ,06 31 05 40 20,📍 Voir sur Maps,5.0,21,MOYEN,AUCUN,5,0,"excellent, confiance, qualité, efficace",—,"Anne-Sophie est un concentré des qualités humaines, de compétences techniques et d'énergie. Elle trouve des solutions à tous les obstacles, soit parce qu'elle connaît extrêmement bien son domaine, soit en étant une excel…",,,"Anne-Sophie Denibaud : 21 avis Google | ✅ Force : excellent, confiance, qualité, efficace | 🔥 0 site web → perd des mandats chaque jour"
ACL CONSEIL IMMOBILIER Poitiers,Agence immobilière,86,Poitiers,"115 Av. du Plt des Glières, 86000 Poitiers, France",NON TROUVÉ,07 49 36 93 34,📍 Voir sur Maps,4.0,20,MOYEN,AUCUN,3,2,"recommande, écoute, qualité, service","déçu, réponse","Merci beaucoup ACL CONSEIL IMMOBILIER, tout particulièrement à Mme COURCIER pour son écoute, son professionnalisme et sa bonne humeur. J'ai été accompagnée à chaque étape de mon projet grâce à sa disponibilité. Je recomm…",Très déçue. Manque de professionnalisme totale. Réponse au mail quand ils ont envie malgré une offre d’achat immobilier. Pas de réponse au téléphone. J’ai loupé la maison où j’avais un « coup de cœur » à cause d’eux. Je …,,"ACL CONSEIL IMMOBILIER Poitiers : 20 avis Google | ✅ Force : recommande, écoute, qualité, service | ⚠️ Plaintes : déçu, réponse → angle d'accroche | 🔥 0 site web → perd des mandats chaque jour"
CM Conciergerie,Location saisonnière gestion,30,Nîmes,"6 Rue des Marronniers, 30000 Nîmes, France",NON TROUVÉ,06 15 34 07 79,📍 Voir sur Maps,4.8,20,MOYEN,AUCUN,5,0,"disponible, recommande, agréable, excellent",—,"J'ai passé un séjour merveilleux dans cet appartement. L'endroit est magnifique, très bien entretenu et décoré avec goût. L'accueil a été exceptionnel, avec des hôtes chaleureux et disponibles pour répondre à toutes nos …",,,"CM Conciergerie : 20 avis Google | ✅ Force : disponible, recommande, agréable, excellent | 🔥 0 site web → perd des mandats chaque jour"
À la bonne sonnette - Conciergerie,Location saisonnière gestion,68,Mulhouse,"4 Rue Poincaré, 68100 Mulhouse, France",NON TROUVÉ,06 83 80 60 24,📍 Voir sur Maps,5.0,20,MOYEN,AUCUN,5,0,"recommande, qualité, service, agréable",—,"Nous avons confié notre appartement à ""À la bonne sonnette"" en ne sachant pas si cela allait fonctionner niveau locations et en étant une première expérience avec une conciergerie ! Et franchement rien à dire, tout est f…",,,"À la bonne sonnette - Conciergerie : 20 avis Google | ✅ Force : recommande, qualité, service, agréable | 🔥 0 site web → perd des mandats chaque jour"
Boostmyflat Conciergerie Airbnb Marseille,Location saisonnière gestion,13,Marseille,"25 Bd du Collet, 13008 Marseille, France",NON TROUVÉ,07 67 09 99 85,📍 Voir sur Maps,5.0,19,À QUALIFIER,AUCUN,5,0,"sérieux, recommande, confiance, service",—,"On m’a recommandé les services de Boostmyflat à Marseille pour la gestion locative de mon bien sur Airbnb. Un grand merci à Marina pour son professionnalisme, sa réactivité et son sens du détail.  L’accompagnement est sé…",,,"Boostmyflat Conciergerie Airbnb Marseille : 19 avis Google | ✅ Force : sérieux, recommande, confiance, service | 🔥 0 site web → perd des mandats chaque jour"
Conciergerie Montpellier Hostnfly,Location saisonnière gestion,34,Montpellier,"11 Rue Cité Benoît, 34000 Montpellier, France",NON TROUVÉ,06 13 20 38 83,📍 Voir sur Maps,5.0,18,À QUALIFIER,AUCUN,5,0,"excellent, recommande, réactif, écoute",—,"Nous avons passé un excellent séjour dans le logement de Timothé et ses associés. Location  confortable, calme et bien située. Je remercie encore Timothé de sa serviabilité !… | Merci à Monsieur Colombier de m’avoir auss…",,,"Conciergerie Montpellier Hostnfly : 18 avis Google | ✅ Force : excellent, recommande, réactif, écoute | 🔥 0 site web → perd des mandats chaque jour"
Cléa Immobilier,Agent immobilier,51,Reims,"6 Bd de la Paix, 51100 Reims, France",NON TROUVÉ,06 68 64 70 11,📍 Voir sur Maps,5.0,17,À QUALIFIER,AUCUN,5,0,"disponible, recommande, écoute, professionnel",—,"Cléa a été particulièrement à l’écoute durant toute la phase de recherche , et à été disponible tout du long, même si des parfois j’ai un peu abuser, ayant des horaires atypiques de par mon travail dans le monde de la nu…",,,"Cléa Immobilier : 17 avis Google | ✅ Force : disponible, recommande, écoute, professionnel | 🔥 0 site web → perd des mandats chaque jour"
Suisse Immo L'ISLE-SUR-LE-DOUBS,Mandataire immobilier,25,Besançon,"Rue du Magny, 25250 L'Isle-sur-le-Doubs, France",NON TROUVÉ,06 32 68 38 52,📍 Voir sur Maps,4.8,16,À QUALIFIER,AUCUN,5,0,"recommande, écoute, professionnel, réactif",—,"un grand merci à Stéphane Vauthier pour ses conseils et son professionnalisme ! Une belle rencontre ! je recommande à 200% | Merci à Mr Luca , très pro, très sympa et à l'écoute de ses clients. Je recommande vivement 👍👍 …",,,"Suisse Immo L'ISLE-SUR-LE-DOUBS : 16 avis Google | ✅ Force : recommande, écoute, professionnel, réactif | 🔥 0 site web → perd des mandats chaque jour"
Phénix Riviera conciergerie Cannes,Location saisonnière gestion,6,Cannes,"108 Av. Maurice Chevalier, 06150 Cannes, France",NON TROUVÉ,06 40 94 43 09,📍 Voir sur Maps,5.0,16,À QUALIFIER,AUCUN,5,0,"recommande, service, professionnel, confiance",—,Un service à la hauteur des standards très haut de gamme. Merci d’avoir pris soin de mes villas à Saint-Tropez et Cannes. Je vous recommande à mes contacts sur Cannes et Saint-Tropez. | J’ai eu le plaisir de collaborer a…,,,"Phénix Riviera conciergerie Cannes : 16 avis Google | ✅ Force : recommande, service, professionnel, confiance | 🔥 0 site web → perd des mandats chaque jour"
Ciel Azur Immobilier,Promoteur immobilier,38,Grenoble,"11 avenue Paul Verlaine, 6 rue Duguesclin, 38100 Grenoble, France",NON TROUVÉ,06 15 72 30 82,📍 Voir sur Maps,4.7,15,À QUALIFIER,AUCUN,5,0,"confiance, professionnel, disponible, écoute",—,"Grâce à Monsieur Gilbert Cuzou, la vente de mon studio a été non seulement mené à bien mais, surtout, dans des conditions de grande confiance, clarté, professionnalisme, honnêteté des évaluations et évolutions de la situ…",,,"Ciel Azur Immobilier : 15 avis Google | ✅ Force : confiance, professionnel, disponible, écoute | 🔥 0 site web → perd des mandats chaque jour"
Steeve Sciarli Immobilier,Mandataire immobilier,13,Aix-en-Provence,"475 Av. Pierre Puget, 13880 Velaux, France",NON TROUVÉ,06 68 81 77 00,📍 Voir sur Maps,5.0,13,À QUALIFIER,AUCUN,5,0,"rapide, professionnel, réactif, compétent",—,"J'ai eu le plaisir de travailler avec Steeve lors de l'achat de mon bien immobilier, et je ne peux que recommander ses services. Steeve est un professionnel à l'écoute, réactif et particulièrement impliqué dans son trava…",,,"Steeve Sciarli Immobilier : 13 avis Google | ✅ Force : rapide, professionnel, réactif, compétent | 🔥 0 site web → perd des mandats chaque jour"
Robin Chazalon – Agent immobilier Pays Basque,Administrateur de biens,64,Biarritz,"Rue du Ctre, 64200 Biarritz, France",NON TROUVÉ,06 09 65 07 30,📍 Voir sur Maps,5.0,13,À QUALIFIER,AUCUN,5,0,"rapide, recommande, écoute, efficace",—,"Merci a ROBIN pour sa gentillesse et son professionnalisme. Une personne à l'écoute, très positif. Vente de la maison rapide et vous en compagne jusqu'au bout. Je recommande car il est vraiment super | Robin a été un age…",,,"Robin Chazalon – Agent immobilier Pays Basque : 13 avis Google | ✅ Force : rapide, recommande, écoute, efficace | 🔥 0 site web → perd des mandats chaque jour"
Avignon-intramuros,Administrateur de biens,84,Avignon,"17 Rue de la Croix, 84000 Avignon, France",NON TROUVÉ,06 03 68 99 24,📍 Voir sur Maps,4.5,13,À QUALIFIER,AUCUN,4,1,agréable,—,"L'élégant centre-ville comprend le Palais des Papes, qui date du XIVe siècle et possède des chapelles et des fresques, ainsi que les vestiges du pont médiéval d'Avignon, qui enjambe le Rhône. La construction de la cathéd…",Décevant. Malgré une histoire et une architecture exceptionnelles.,,Avignon-intramuros : 13 avis Google | ✅ Force : agréable | 🔥 0 site web → perd des mandats chaque jour
Riviera Harmony Conciergerie,Location saisonnière gestion,6,Cannes,"10 Av. de Vallauris, 06400 Cannes, France",NON TROUVÉ,06 09 09 29 49,📍 Voir sur Maps,4.7,13,À QUALIFIER,AUCUN,5,0,"recommande, écoute, parfait, qualité",—,"Super conciergerie très pro et très à l’écoute de ses clients je recommande | J’ai connu Riviera Harmony en tant que voyageuse, en louant un appartement qu’ils géraient. Leur professionnalisme, leur écoute et la qualité …",,,"Riviera Harmony Conciergerie : 13 avis Google | ✅ Force : recommande, écoute, parfait, qualité | 🔥 0 site web → perd des mandats chaque jour"
BCB CONCEPT,Administrateur de biens,67,Strasbourg,"7 Rue de la Krutenau, 67000 Strasbourg, France",NON TROUVÉ,07 82 67 61 13,📍 Voir sur Maps,4.7,12,À QUALIFIER,AUCUN,5,0,"professionnel, recommande, compétent, service",—,"Entrepreneur très professionnel, très bon accompagnement pour la création de notre entreprise ainsi que le suivi de notre administration.  Nous vous recommandons ! | J’ai été très bien accueilli et conseiller par Yusuf j…",,,"BCB CONCEPT : 12 avis Google | ✅ Force : professionnel, recommande, compétent, service | 🔥 0 site web → perd des mandats chaque jour"
AP EXPERT GESTION CONSULTING Mathieu Polo/Alouis Emmanuel,Administrateur de biens,87,Limoges,"63 Rue Montmailler, 87000 Limoges, France",NON TROUVÉ,06 66 87 30 29,📍 Voir sur Maps,5.0,12,À QUALIFIER,AUCUN,5,0,"parfait, professionnel, excellent, écoute",—,Un accompagnement parfait du début à la fin. Un œil extérieur est indispensable pour nos entreprises et Mathieu a fait preuve de d'un grand professionnalisme et d'un conseil totalement neutre. | Un professionnel à l'écou…,,,"AP EXPERT GESTION CONSULTING Mathieu Polo/Alouis Emmanuel : 12 avis Google | ✅ Force : parfait, professionnel, excellent, écoute | 🔥 0 site web → perd des mandats chaque jour"
E.T Secrétariat - Assistante virtuelle,Administrateur de biens,45,Orléans,"11 Bd Alexandre Martin, 45000 Orléans, France",NON TROUVÉ,07 63 19 58 79,📍 Voir sur Maps,4.8,12,À QUALIFIER,AUCUN,4,1,"recommande, service, rapide, professionnel",mauvais,"J'ai fait aux services d'Elodie pendant 4 mois, et j'en ai été plus que ravie de notre collaboration. Elodie a su très vite s'adapter à mon rythme de travail, à ma communication et à mes besoins. Je ne peux que la recomm…","Edit du 02/11 Après plusieurs mois ou tout se passait bien, je découvre au fur et à mesure des erreurs, qui n'existaient pas avant et qui mettent à mal non seulement mon organisation mais aussi mon entreprise. J'en décou…",,"E.T Secrétariat - Assistante virtuelle : 12 avis Google | ✅ Force : recommande, service, rapide, professionnel | ⚠️ Plaintes : mauvais → angle d'accroche | 🔥 0 site web → perd des mandats chaque jour"
Agence Bisontine Immobiliere,Location saisonnière gestion,25,Besançon,"5 Rue de l'École, 25000 Besançon, France",NON TROUVÉ,06 62 80 43 37,📍 Voir sur Maps,3.7,12,À QUALIFIER,AUCUN,3,2,"professionnel, recommande, écoute","réponse, délai, cher","Agence à taille humaine à laquelle j'ai eu recours pour la location de mon appartement. J'ai eu affaire à un agent très professionnel, chaleureux et à l'écoute. Je recommande ! | Très bonne expérience avec cette agence. …","Agence fantôme, j'ai eu un agent au téléphone pour visiter un appart. Rdv pris une après-midi à 17h. L'agent n'est jamais venu et n'a même pas prévenu d'un éventuel retard. Pour des frais d'agence exorbitants, on pourrai…",,"Agence Bisontine Immobiliere : 12 avis Google | ✅ Force : professionnel, recommande, écoute | ⚠️ Plaintes : réponse, délai, cher → angle d'accroche | 🔥 0 site web → perd des mandats chaque jour"
PARDIMMO,Mandataire immobilier,13,Marseille,"232 Av. de Montolivet, 13012 Marseille, France",NON TROUVÉ,06 16 40 61 00,📍 Voir sur Maps,5.0,10,À QUALIFIER,AUCUN,5,0,"professionnel, efficace, disponible, recommande",—,"Communication claire, disponible en cas de besoin et toujours à l’écoute. La gestion est efficace et professionnelle. Je recommande sans hésitation. | Agence sérieuse et professionnelle. Très bon suivi, communication flu…",,,"PARDIMMO : 10 avis Google | ✅ Force : professionnel, efficace, disponible, recommande | 🔥 0 site web → perd des mandats chaque jour"
L’Étude Administrative,Administrateur de biens,84,Avignon,"93 Av. Saint-Ruf, 84000 Avignon, France",NON TROUVÉ,07 81 31 47 12,📍 Voir sur Maps,5.0,10,À QUALIFIER,AUCUN,5,0,"professionnel, recommande, excellent, écoute",—,"Très sérieuse et professionnel. J’étais très bien accompagné dans mes démarches administratives avec des explications claires, et un vrai suivi, gain de temps, énorme et beaucoup. Moins de stress, je recommande sans hési…",,,"L’Étude Administrative : 10 avis Google | ✅ Force : professionnel, recommande, excellent, écoute | 🔥 0 site web → perd des mandats chaque jour"
Amanda Hureau - Gestion Locative Adaptée ~ Groupement de Coopération Sociale et Médico-Sociale « Un chez-soi d’abord » REIMS,Agence immobilière,51,Reims,"2 Rue de Courcelles, 51100 Reims, France",NON TROUVÉ,07 75 66 10 42,📍 Voir sur Maps,5.0,9,À QUALIFIER,AUCUN,5,0,"efficace, disponible, écoute, rapide",—,"Une conseillère très à l'écoute, disponible et efficace ! Amanda a été soucieuse de voir aboutir notre projet et a vraiment tout fait pour nous faciliter les choses. | Un grand merci à Amanda pour son professionnalisme, …",,,"Amanda Hureau - Gestion Locative Adaptée ~ Groupement de Coopération Sociale et Médico-Sociale « Un chez-soi d’abord » REIMS : 9 avis Google | ✅ Force : efficace, disponible, écoute, rapide | 🔥 0 site web → perd des mandats chaque jour"
OCITY Pays Basque Sud Landes,Agence immobilière,64,Bayonne,"2 Rue Raoul Perpere, 64100 Bayonne, France",NON TROUVÉ,07 62 45 44 95,📍 Voir sur Maps,5.0,9,À QUALIFIER,AUCUN,5,0,"compétent, recommande, écoute, professionnel",—,"Contente de la vente de mon appartement grâce à l’équipe ocity. Une équipe pro, compétente et toujours à l’écoute. Je recommande ! | très bonne agence immobilière très a l écoute et ce décarcasse pour vous donnez satisfa…",,,"OCITY Pays Basque Sud Landes : 9 avis Google | ✅ Force : compétent, recommande, écoute, professionnel | 🔥 0 site web → perd des mandats chaque jour"
Loggia Conciergerie,Location saisonnière gestion,13,Marseille,"21 Rue André Poggioli, 13006 Marseille, France",NON TROUVÉ,07 82 99 43 18,📍 Voir sur Maps,5.0,9,À QUALIFIER,AUCUN,5,0,"confiance, disponible, service, sérieux",—,"Expérience de location avec Loggia Conciergerie vraiment réussie ! J'ai mis en location ma maison en aout, après avoir contacté plusieurs agences sur Marseille qui m'ont laissé dubitative (et pratiquent des frais de gest…",,,"Loggia Conciergerie : 9 avis Google | ✅ Force : confiance, disponible, service, sérieux | 🔥 0 site web → perd des mandats chaque jour"
Louer & Gérer - Gestion Locative,Location saisonnière gestion,34,Montpellier,"80 Pl. Georges Frêche, 34000 Montpellier, France",NON TROUVÉ,06 72 36 23 38,📍 Voir sur Maps,4.2,9,À QUALIFIER,AUCUN,4,1,"professionnel, disponible, recommande, écoute",injoignable,Je suis très satisfait de l'agence de location Louer et Gérer qui est toujours disponible et à mon écoute pour géer mon bien. Je les recommande vivement si vous êtes propriétaire d'un appartement et si vous chercher un g…,"5 mois sans location !???? Injoignable par téléphone ? Beaucoup d'incompréhension depuis quelques mois , en cours de transition d une nouvelle entreprise, je suis dans le questionnement en temps que propriétaire. Donc j'…",,"Louer & Gérer - Gestion Locative : 9 avis Google | ✅ Force : professionnel, disponible, recommande, écoute | ⚠️ Plaintes : injoignable → angle d'accroche | 🔥 0 site web → perd des mandats chaque jour"
PatrIMMOnium,Promoteur immobilier,13,Marseille,"137 Rue Paradis, 13006 Marseille, France",NON TROUVÉ,06 10 25 93 75,📍 Voir sur Maps,5.0,9,À QUALIFIER,AUCUN,5,0,"qualité, service, recommande",—,"J'ai connu le cabinet Patrimmonium dans le cadre de l'acquisition d'un appartement ancien dans le centre ville de Marseille. Je remercie toute l'équipe pour leur professionnalisme, la qualité de leur l'accompagnement, le…",,,"PatrIMMOnium : 9 avis Google | ✅ Force : qualité, service, recommande | 🔥 0 site web → perd des mandats chaque jour"
DAAJIMMO - Agence Troyes,Agence immobilière,10,Troyes,"31 Bis Rue des Noës, 10300 Sainte-Savine, France",NON TROUVÉ,07 53 51 64 70,📍 Voir sur Maps,4.9,8,À QUALIFIER,AUCUN,5,0,sérieux,—,"Au top rien à dire , très sérieux | Une agence au TOP . 🩷 | Oh top du top !!! | Au top 🩷",,,DAAJIMMO - Agence Troyes : 8 avis Google | ✅ Force : sérieux | 🔥 0 site web → perd des mandats chaque jour
Akim Jandoury - Consultant Immobilier,Mandataire immobilier,69,Lyon,"3 Quai Jean Moulin, 69001 Lyon, France",NON TROUVÉ,06 65 52 46 76,📍 Voir sur Maps,5.0,8,À QUALIFIER,AUCUN,5,0,"recommande, professionnel, parfait, confiance",—,"M. Jandoury est un agent immobilier que je recommande. Comme la grande majorité de ses confrères, il ne se content pas de passer une annonce sur Internet et d'attendre un éventuel acquéreur. Il utilise son réseau importa…",,,"Akim Jandoury - Consultant Immobilier : 8 avis Google | ✅ Force : recommande, professionnel, parfait, confiance | 🔥 0 site web → perd des mandats chaque jour"
WN Conseil,Administrateur de biens,38,Grenoble,"7 Pl. Condorcet, 38000 Grenoble, France",NON TROUVÉ,06 05 93 84 79,📍 Voir sur Maps,5.0,8,À QUALIFIER,AUCUN,5,0,"rapide, professionnel, service, recommande",—,"Un professionnel exemplaire , contact instantané via WhatsApp, réponse assurée .et service très rapide avec des tarifs très concurrentiels .merci WN | Merci beaucoup pour votre réactivité et compétences franchement rien …",,,"WN Conseil : 8 avis Google | ✅ Force : rapide, professionnel, service, recommande | 🔥 0 site web → perd des mandats chaque jour"
Appart Résidence BNB,Location saisonnière gestion,29,Brest,"9 Rue Saint-Saëns, 29200 Brest, France",NON TROUVÉ,07 56 85 40 00,📍 Voir sur Maps,3.0,8,À QUALIFIER,AUCUN,1,4,"excellent, parfait, recommande","lent, communication, réponse, mauvais","Rien à dire. Tout était parfait. Nous avons passé un superbe séjour. Logement très propre, communication excellente. Je recommande !!","Difficile de faire pire en matière de conciergerie!  cette tentaculaire entreprise propose des prestations qui semblent très professionnelles au premier abord.  Nous avons donc choisi de confier notre maison de famille, …",,"Appart Résidence BNB : 8 avis Google | ✅ Force : excellent, parfait, recommande | ⚠️ Plaintes : lent, communication, réponse, mauvais → angle d'accroche | 🔥 0 site web → perd des mandats chaque jour"
Conciergerie - SUBLOC,Location saisonnière gestion,42,Saint-Étienne,"11 Rue Michel Rondet, 42000 Saint-Étienne, France",NON TROUVÉ,07 80 38 49 45,📍 Voir sur Maps,5.0,8,À QUALIFIER,AUCUN,5,0,"professionnel, excellent, recommande, écoute",—,"Excellente conciergerie ! Équipe professionnelle, réactive et très à l’écoute. Service de grande qualité et gestion impeccable. Je recommande sans hésiter ! | Je recommande vivement cette conciergerie, je suis entièremen…",,,"Conciergerie - SUBLOC : 8 avis Google | ✅ Force : professionnel, excellent, recommande, écoute | 🔥 0 site web → perd des mandats chaque jour"
ADMIN'HOME (Audrey FALCONIERI),Administrateur de biens,42,Saint-Étienne,"4 All. des Primevères, 42100 Saint-Étienne, France",NON TROUVÉ,07 65 21 78 04,📍 Voir sur Maps,4.9,7,À QUALIFIER,AUCUN,5,0,"recommande, rapide, professionnel, efficace",—,"J'ai rencontré Audrey grâce à un club d'entrepreneur, et sa discrétion et son côté posé m'ont tout de suite plu. J'ai donc fait appel à elle pour gérer ma précomptabilité. Je suis très satisfait de son travail, la commun…",,,"ADMIN'HOME (Audrey FALCONIERI) : 7 avis Google | ✅ Force : recommande, rapide, professionnel, efficace | 🔥 0 site web → perd des mandats chaque jour"
Atlas Conciergerie France,Location saisonnière gestion,34,Montpellier,"Bd des Arceaux, 34000 Montpellier, France",NON TROUVÉ,07 70 41 29 60,📍 Voir sur Maps,5.0,7,À QUALIFIER,AUCUN,5,0,"professionnel, sérieux, recommande, qualité",—,"Hébergement de qualité, nous avons fait une réservation pour des clients, merci pour l'accueil et les indications claire, appartement très proche manques rien. Je recommande leurs sérieux professionnels. | Le service est…",,,"Atlas Conciergerie France : 7 avis Google | ✅ Force : professionnel, sérieux, recommande, qualité | 🔥 0 site web → perd des mandats chaque jour"
Loca Ren’t Conciergerie - Montpellier,Location saisonnière gestion,34,Montpellier,"3 Rue Adolphe Nourrit, 34000 Montpellier, France",NON TROUVÉ,06 45 19 99 86,📍 Voir sur Maps,5.0,7,À QUALIFIER,AUCUN,5,0,"confiance, recommande, service, professionnel",—,"Si on m'avait dit un jour que je pouvais faire confiance à une conciergerie pour s'occuper de mon appartement familiale, alors que je suis à plus de 700 km , je ne l'aurais pas cru . Un grand merci à Loca Rent pour leur …",,,"Loca Ren’t Conciergerie - Montpellier : 7 avis Google | ✅ Force : confiance, recommande, service, professionnel | 🔥 0 site web → perd des mandats chaque jour"
"Neovy Consulting, Agence Immobilière",Agence immobilière,73,Chambéry,"8 Bd Gambetta, 73000 Chambéry, France",NON TROUVÉ,06 83 33 38 53,📍 Voir sur Maps,5.0,6,À QUALIFIER,AUCUN,5,0,"efficace, excellent, parfait, agréable",—,"Accompagnement parfait de notre projet immobilier. Recherche efficace, pertinente, et excellent suivi des démarches jusqu'à la finalisation du projet. Contact toujours très agréable et sympathique! Nous recommandons vive…",,,"Neovy Consulting, Agence Immobilière : 6 avis Google | ✅ Force : efficace, excellent, parfait, agréable | 🔥 0 site web → perd des mandats chaque jour"
"DSA Services : Gestion de paie, Aide à la création d'entreprise, Suivi de gestion",Administrateur de biens,6,Nice,"9 Rue Caffarelli, 06000 Nice, France",NON TROUVÉ,06 51 47 51 25,📍 Voir sur Maps,5.0,6,À QUALIFIER,AUCUN,5,0,"compétent, recommande, confiance, écoute",—,"Amadou est un comptable à l'écoute et compétent. Aucun problèmes de communication contrairement aux autres comptables que j'ai pu avoir. aujourd'hui, je travaille en toute confiance et dans la bonne ambiance. Je recomman…",,,"DSA Services : Gestion de paie, Aide à la création d'entreprise, Suivi de gestion : 6 avis Google | ✅ Force : compétent, recommande, confiance, écoute | 🔥 0 site web → perd des mandats chaque jour"
Laetitia SCHAFF Assistante Administrative Indépendante RH Commerciale Gestion FreeLance Nîmes,Administrateur de biens,30,Nîmes,"18 Rue Auguste, 30000 Nîmes, France",NON TROUVÉ,07 82 08 84 35,📍 Voir sur Maps,5.0,6,À QUALIFIER,AUCUN,5,0,"recommande, disponible, efficace, écoute",—,Nous travaillons avec Laetitia depuis bientôt 2 ans. Elle gère l'ensemble de nos tâches administratives et RH pour notre structure de 10 personnes. Laetitia est une personne très fiable qui ne compte pas ses heures. Elle…,,,"Laetitia SCHAFF Assistante Administrative Indépendante RH Commerciale Gestion FreeLance Nîmes : 6 avis Google | ✅ Force : recommande, disponible, efficace, écoute | 🔥 0 site web → perd des mandats chaque jour"
Ghurfat Sharqa,Location saisonnière gestion,37,Tours,"32 Rue de la Tonnelle, 37700 Saint-Pierre-des-Corps, France",NON TROUVÉ,07 67 35 45 51,📍 Voir sur Maps,5.0,6,À QUALIFIER,AUCUN,5,0,"rapide, efficace, disponible, recommande",—,"Super conciergerie, 100% disponible à toute heure pour les voyageurs et les propriétaires novices. J'ai rencontré quelques incidents voyageurs qu'elle a su efficacement et rapidement résoudre. Je recommande! | J’ai séjou…",,,"Ghurfat Sharqa : 6 avis Google | ✅ Force : rapide, efficace, disponible, recommande | 🔥 0 site web → perd des mandats chaque jour"
Christophe Cazaux - Conseiller immobilier et Estimation - Toulouse et ses environs,Mandataire immobilier,31,Toulouse,"20 BIS Imp. Barthe, 31200 Toulouse, France",NON TROUVÉ,06 81 19 82 18,📍 Voir sur Maps,4.2,5,À QUALIFIER,AUCUN,4,1,professionnel,—,"Concernant la vente d'une maison dans les environs de Toulouse, j'ai signé un mandat avec Mr cazaux. Il s'est occupe de tout. Il a fait les visites, mêmes avec des visiteurs exigeants et décalés . La Dpe a été effectué s…","Ne pas prendre d' Airbnb chez lui, vous serez surpris de la note de frais lors de votre départ !",,Christophe Cazaux - Conseiller immobilier et Estimation - Toulouse et ses environs : 5 avis Google | ✅ Force : professionnel | 🔥 0 site web → perd des mandats chaque jour
RAPALLO Aurore Conseillère immobilier ENDIE DIJON,Mandataire immobilier,21,Dijon,"1 Rue du Bas de Chanot, 21800 Chevigny-Saint-Sauveur, France",NON TROUVÉ,07 66 51 97 97,📍 Voir sur Maps,4.2,5,À QUALIFIER,AUCUN,4,1,"disponible, recommande, écoute, professionnel",—,"Aurore est une personne réactive, à l'écoute et dévouée. Je suis vraiment ravie de son professionnalisme, accompagnement de A à Z, toujours disponible. Je la recommande les yeux fermés. | Je recommande les yeux fermés ,t…",,,"RAPALLO Aurore Conseillère immobilier ENDIE DIJON : 5 avis Google | ✅ Force : disponible, recommande, écoute, professionnel | 🔥 0 site web → perd des mandats chaque jour"
Vaglio Eric Conseiller Immobilier OPTIMHOME Cabriès,Mandataire immobilier,13,Aix-en-Provence,"Rte de la Cesarde, 13480 Cabriès, France",NON TROUVÉ,06 66 51 88 78,📍 Voir sur Maps,5.0,5,À QUALIFIER,AUCUN,5,0,"disponible, compétent, parfait, écoute",—,Mr. Vaglio nous a accompagné dans notre projet d’acquisition d’une maison. Il a bien compris nos attentes et a su nous proposer un bien qui nous correspondait. Il a été disponible et a facilité les échanges avec les anci…,,,"Vaglio Eric Conseiller Immobilier OPTIMHOME Cabriès : 5 avis Google | ✅ Force : disponible, compétent, parfait, écoute | 🔥 0 site web → perd des mandats chaque jour"
La Boutique Administrative,Administrateur de biens,13,Aix-en-Provence,"23 Rue des Muletiers, 13100 Aix-en-Provence, France",NON TROUVÉ,06 08 94 92 08,📍 Voir sur Maps,1.8,5,À QUALIFIER,AUCUN,1,4,—,"arnaque, problème","Une personne d'expérience pour aborder la plupart des difficultés dans la création d'entreprise : rédaction des statuts, préparation des divers documents et démarche ... Super","Arnaque. Je suis arrivée en tant qu'entrepreneuse automobile, une Américaine un peu perdue qui essayait de comprendre les règles, ce que je devais, quand, et comment facturer. Elle a examiné mon chiffre d'affaires des an…",,"La Boutique Administrative : 5 avis Google | ⚠️ Plaintes : arnaque, problème → angle d'accroche | 🔥 0 site web → perd des mandats chaque jour"
Secretariat antibes,Administrateur de biens,6,Antibes,"GALERIE CHANCEL, 12 Bd Gustave Chancel, 06600 Antibes, France",NON TROUVÉ,07 58 34 44 72,📍 Voir sur Maps,5.0,5,À QUALIFIER,AUCUN,5,0,"professionnel, recommande",—,"Enfin une adresse sur antibes pour ce genre de prestation. mercii madame pour votre réactivité pour mon dossier qui trainer depuis des mois qui a été fait en 1h !!! merciii | Personne tres professionnel je recommande, ce…",,,"Secretariat antibes : 5 avis Google | ✅ Force : professionnel, recommande | 🔥 0 site web → perd des mandats chaque jour"
Boitaclés,Location saisonnière gestion,66,Perpignan,"13 Rue Auguste Comté, 66000 Perpignan, France",NON TROUVÉ,06 24 12 19 14,📍 Voir sur Maps,5.0,5,À QUALIFIER,AUCUN,5,0,"compétent, confiance, service, agréable",—,"L’équipe de Boitacles est extrêmement compétente. Elle s’est occupée, au pied levé, de la location saisonnière de notre appartement juste avant sa mise en vente, et après une expérience difficile avec une précédente conc…",,,"Boitaclés : 5 avis Google | ✅ Force : compétent, confiance, service, agréable | 🔥 0 site web → perd des mandats chaque jour"
Conciergerie AirBnB Les minutieuses,Location saisonnière gestion,25,Besançon,"14 Rue Pierre Vernier, 25000 Besançon, France",NON TROUVÉ,06 33 20 99 14,📍 Voir sur Maps,5.0,5,À QUALIFIER,AUCUN,5,0,"parfait, recommande, professionnel, sérieux",—,Merci à Charline et Anaïs pour le professionnalisme qui se sont occupés de gérer mon airbnb durant mes vacances (un mois et demi). Elles se sont parfaitement adaptées à mes exigences vis à vis de mon logement ainsi que d…,,,"Conciergerie AirBnB Les minutieuses : 5 avis Google | ✅ Force : parfait, recommande, professionnel, sérieux | 🔥 0 site web → perd des mandats chaque jour"
Wilson Plaza Group,Promoteur immobilier,6,Nice,"8, rue Foncet, 18, rue de l'Hôtel des Postes, 06000 Nice, France",NON TROUVÉ,06 22 51 30 79,📍 Voir sur Maps,5.0,5,À QUALIFIER,AUCUN,5,0,excellent,—,"Une incroyable prouesse architecturale qui réconcilie Tradition et Modernité, avec le luxe suprême de vastes terrasses en plein centre de Nice. | Le meilleur emplacement pour vivre, sur la Côte d'Azur ! Un projet excepti…",,,Wilson Plaza Group : 5 avis Google | ✅ Force : excellent | 🔥 0 site web → perd des mandats chaque jour
PIC Réalisations,Promoteur immobilier,38,Grenoble,"3 Rue des Pins, 38100 Grenoble, France",NON TROUVÉ,06 30 08 47 24,📍 Voir sur Maps,4.2,5,À QUALIFIER,AUCUN,4,1,"professionnel, compétent, confiance, agréable",communication,Une expérience très satisfaisante sous tous points de vue Des professionnels compétents qui aiment leur métier et avec qui les échanges sont à la fois constructifs et agréables La confiance est alors précieuse Merci à Da…,"Bientot 2 mois que mon fils a emmenage dans un immeuble neuf dont la ""maitrise"" d'ouvrage a ete faite par cette entreprise et toujours pas de fibre bien que ca fasse partie du code de la construction. Ils ont sans doute …",,"PIC Réalisations : 5 avis Google | ✅ Force : professionnel, compétent, confiance, agréable | ⚠️ Plaintes : communication → angle d'accroche | 🔥 0 site web → perd des mandats chaque jour"
Elodie Bordy Immobilier,Agence immobilière,25,Besançon,"95 Rue de Dole, 25000 Besançon, France",NON TROUVÉ,06 78 37 51 46,📍 Voir sur Maps,5.0,4,À QUALIFIER,AUCUN,4,0,"professionnel, efficace, écoute, excellent",—,"Nous avons confié à Elodie la recherche de notre nouvelle maison puis la vente de mon appartement. Elle s’est montré très efficace dans la Recherche et la vente. En plus d’être très professionnel et efficace, elle est to…",,,"Elodie Bordy Immobilier : 4 avis Google | ✅ Force : professionnel, efficace, écoute, excellent | 🔥 0 site web → perd des mandats chaque jour"
Coeurs D'élites- Nathalie MARCELLIER,Mandataire immobilier,69,Lyon,"61 Cr Lafayette, 69006 Lyon, France",NON TROUVÉ,06 77 35 25 22,📍 Voir sur Maps,5.0,4,À QUALIFIER,AUCUN,4,0,"professionnel, recommande, écoute",—,Nous avons été particulièrement satisfait de notre collaboration avec Nathaly Marcellier-Navon qui en vrai professionnelle nous à bien guidés et accompagnés depuis la recherche des acquéreurs jusqu'à la vente de nos appa…,,,"Coeurs D'élites- Nathalie MARCELLIER : 4 avis Google | ✅ Force : professionnel, recommande, écoute | 🔥 0 site web → perd des mandats chaque jour"
Cohen Guy,Mandataire immobilier,13,Aix-en-Provence,"40 Av. Dr Renée Antoine, 13100 Aix-en-Provence, France",NON TROUVÉ,06 14 18 33 00,📍 Voir sur Maps,1.8,4,À QUALIFIER,AUCUN,1,3,—,éviter,Chlotide St Martin connaît pas !!,Ne répond jamais au téléphone ni aux mails. A éviter.,,Cohen Guy : 4 avis Google | ⚠️ Plaintes : éviter → angle d'accroche | 🔥 0 site web → perd des mandats chaque jour
BV DIAG,Mandataire immobilier,6,Antibes,"201, AVENUE DES, LES CHAMPS FLEURIS, Av. des Martyrs de la Résistance, 06600 Antibes, France",NON TROUVÉ,07 70 20 02 23,📍 Voir sur Maps,5.0,4,À QUALIFIER,AUCUN,4,0,"rapide, efficace",—,"Un diagnostique correspondant à mes attentes : pro, rapide, efficace et sympa.",,,"BV DIAG : 4 avis Google | ✅ Force : rapide, efficace | 🔥 0 site web → perd des mandats chaque jour"
Bechir Djebali Smart Proprio,Mandataire immobilier,68,Mulhouse,"Rue de Lorient, 68200 Mulhouse, France",NON TROUVÉ,06 18 28 73 86,📍 Voir sur Maps,5.0,4,À QUALIFIER,AUCUN,4,0,"professionnel, recommande, disponible, excellent",—,Expérience réussie ; M. BECHIR est une personne sympathique et   très professionnel ; je recommande vivement. Géraldine FLUCK | Je le recommande vivement. Agent disponible et très investi.  Bravo à lui. Bonne continuatio…,,,"Bechir Djebali Smart Proprio : 4 avis Google | ✅ Force : professionnel, recommande, disponible, excellent | 🔥 0 site web → perd des mandats chaque jour"
JB GESTION 66,Administrateur de biens,66,Perpignan,"32 Av. Paul Alduy 66100, 66000 Perpignan, France",NON TROUVÉ,06 98 07 80 92,📍 Voir sur Maps,5.0,4,À QUALIFIER,AUCUN,4,0,"excellent, recommande, professionnel, écoute",—,Excellent gestionnaire pour toute vos démarches administratives je recommande que ce soit pour particulier ou micro-entreprise | Je recommande fortement ce bureau de gestion administrative pour le travail de qualité à pr…,,,"JB GESTION 66 : 4 avis Google | ✅ Force : excellent, recommande, professionnel, écoute | 🔥 0 site web → perd des mandats chaque jour"
Nadia LAYOUNI - Assistance administrative,Administrateur de biens,6,Antibes,"12 Bd Gustave Chancel Galerie Chancel, 06600 Antibes, France",NON TROUVÉ,07 86 72 75 76,📍 Voir sur Maps,5.0,4,À QUALIFIER,AUCUN,4,0,—,—,"Les bureaux sont très beaux, l'accueille est convivial avec une fontaine à eau à notre disposition surtout en cette forte chaleur. Au niveau des prestations, les diplômes des chefs d'entreprises font que le panel de prob…",,,Nadia LAYOUNI - Assistance administrative : 4 avis Google | 🔥 0 site web → perd des mandats chaque jour
Conciergerie Tic Tac,Location saisonnière gestion,25,Besançon,"99 Grande Rue, 25000 Besançon, France",NON TROUVÉ,06 76 76 46 39,📍 Voir sur Maps,5.0,4,À QUALIFIER,AUCUN,4,0,"sérieux, service, recommande",—,"Contact rassurant et très sérieux. Les services sont à la hauteur de nos attentes et même plus. Nous recommandons à 100% ! | Pour une gestion optimale de vos biens immobiliers. Rigueur, réactivité et optimisation Je reco…",,,"Conciergerie Tic Tac : 4 avis Google | ✅ Force : sérieux, service, recommande | 🔥 0 site web → perd des mandats chaque jour"
HAON IMMOBILIER FAMILY,Promoteur immobilier,63,Clermont-Ferrand,"5 Rue de Savoie, 63360 Gerzat, France",NON TROUVÉ,07 63 31 77 33,📍 Voir sur Maps,5.0,4,À QUALIFIER,AUCUN,4,0,"professionnel, sérieux, qualité, compétent",—,"Professionnels sérieux, ravis de notre achat.  Prestations de qualité matériaux solides plusieurs mois après on est toujours aussi contents merci à vous ! | Prestation de haute qualité! Compétents dans leur métier et sav…",,,"HAON IMMOBILIER FAMILY : 4 avis Google | ✅ Force : professionnel, sérieux, qualité, compétent | 🔥 0 site web → perd des mandats chaque jour"
Bérengère MIRAULT,Mandataire immobilier,37,Tours,"le petit monard, 37550 Saint-Avertin, France",NON TROUVÉ,06 15 54 30 19,📍 Voir sur Maps,5.0,3,À QUALIFIER,AUCUN,3,0,"professionnel, disponible, confiance",—,"Mme Mirault s'est montrée professionnelle, disponible et investie tout au long de notre projet. | Très bonne conseillere immobilier. Nous sommes très heureux de notre achat. Personne de grande confiance. Merci pour votre…",,,"Bérengère MIRAULT : 3 avis Google | ✅ Force : professionnel, disponible, confiance | 🔥 0 site web → perd des mandats chaque jour"
Salomé Xavier,Mandataire immobilier,87,Limoges,"1 Av. de la Mazelle, 87280 Limoges, France",NON TROUVÉ,06 73 83 36 96,📍 Voir sur Maps,5.0,3,À QUALIFIER,AUCUN,3,0,"rapide, recommande, parfait",—,"À la suite d’une très mauvaise expérience avec une agence immobilière d’Argenton, nous avons confié la vente de notre maison à X.Salomé qui s’est complètement investi pour ce faire. En peu de temps il a trouvé plusieurs …",,,"Salomé Xavier : 3 avis Google | ✅ Force : rapide, recommande, parfait | 🔥 0 site web → perd des mandats chaque jour"
Location Appartement brest,Gestionnaire de biens,29,Brest,"4 Rue de l'Observatoire, 29200 Brest, France",NON TROUVÉ,06 62 62 22 71,📍 Voir sur Maps,3.7,3,À QUALIFIER,AUCUN,2,1,—,—,Nickel,,,Location Appartement brest : 3 avis Google | 🔥 0 site web → perd des mandats chaque jour
"Carla D. Services administratifs, gestion, secrétariat trilingue",Administrateur de biens,64,Biarritz,"Rue de l'Étape, 64210 Bidart, France",NON TROUVÉ,06 66 88 99 81,📍 Voir sur Maps,5.0,3,À QUALIFIER,AUCUN,3,0,"recommande, excellent, rapide",—,"Sérieuse, réactive et très pro je recommande ! | Carla nous a aidés sur certains projets et traductions. Nous avons adoré l'avoir parmi nous. Ses compétences linguistiques, son sens de la gestion et son incroyable capaci…",,,"Carla D. Services administratifs, gestion, secrétariat trilingue : 3 avis Google | ✅ Force : recommande, excellent, rapide | 🔥 0 site web → perd des mandats chaque jour"
Laconciergerie66000,Location saisonnière gestion,66,Perpignan,"Rue Paul Rubens, 66000 Perpignan, France",NON TROUVÉ,06 66 17 37 31,📍 Voir sur Maps,5.0,3,À QUALIFIER,AUCUN,3,0,"parfait, recommande, confiance, professionnel",—,"Équipe de confiance, la gestion de mon appartement est juste parfaite ! Je recommande fortement | Gestion au top Concierge impliqué et professionnelle Je recommande Super équipe | Personne de confiance Je recommande les …",,,"Laconciergerie66000 : 3 avis Google | ✅ Force : parfait, recommande, confiance, professionnel | 🔥 0 site web → perd des mandats chaque jour"
